,Comment,Likes,channel,Comment_preprocessing
0,영상미가너무예뻐요ㅜㅜ공부도열심히하시구넘넘대단하셔요,0,daily,영상미가너무예뻐요ㅜㅜ공부도열심히하시구넘넘대단하셔요
1,데일리님영상만돌려보면서엄청기다렸어요ㅜㅜ너무보고싶었고분위기짱이에요,2,daily,데일리님영상만돌려보면서엄청기다렸어요ㅜㅜ너무보고싶었고분위기짱이에요
2,데일리님브이로그가제일분위기도예쁘고재밌어요,3,daily,데일리님브이로그가제일분위기도예쁘고재밌어요
3,언니완전이뻐요ㅠㅠ,1,daily,언니완전이뻐요ㅠㅠ
4,방소개영상찍어주세요,1,daily,방소개영상찍어주세요
5,열심히사시는모습이멋집니다,0,daily,열심히사시는모습이멋집니다
6,데일리님ㅜㅜ방소개영상하나찍어주심안될까요데일리님방이너무감성적이고예뻐서참고하고싶어요,0,daily,데일리님ㅜㅜ방소개영상하나찍어주심안될까요데일리님방이너무감성적이고예뻐서참고하고싶어요
7,아니ㅜㅜ이렇게엄청난분께서왜안뜨시는지ㅜㅠㅠ제발좀많은분들이아셨으면하는바램입니다,4,daily,아니ㅜㅜ이렇게엄청난분께서왜안뜨시는지ㅜㅠㅠ제발좀많은분들이아셨으면하는바램입니다
8,완전힐링되고공부자극되네요ㅎㅎ오설록동백꽃피는곶자왈이였나그거맛있더라구요,0,daily,완전힐링되고공부자극되네요ㅎㅎ오설록동백꽃피는곶자왈이였나그거맛있더라구요
9,영상너무이뻐요ㅜㅜ저도공부자극이좀되는거같아용ㅋㅋㅋㅋ혹시분초에나오는옷자켓정보알수있을까요ㅠㅠ앗그리고자켓밑에는치마인가용둘다정보알려주실수있나요ㅠㅠ,2,daily,영상너무이뻐요ㅜㅜ저도공부자극이좀되는거같아용ㅋㅋㅋㅋ혹시분초에나오는옷자켓정보알수있을까요ㅠㅠ앗그리고자켓밑에는치마인가용둘다정보알려주실수있나요ㅠㅠ
10,가을이아니라겨울인듯거의롱패딩입어도추워요나만그래,0,daily,가을이아니라겨울인듯거의롱패딩입어도추워요나만그래
11,썸넬스트라이프티셔츠정보알려주실수있으세요,3,daily,썸넬스트라이프티셔츠정보알려주실수있으세요
12,에서입으신옷들정보궁금해요,1,daily,에서입으신옷들정보궁금해요
13,왔다왔어영상내가존버타던거,1,daily,왔다왔어영상내가존버타던거
14,혹시키가몇인지알슈있을까요,1,daily,혹시키가몇인지알슈있을까요
15,바지정보알수있을까요,1,daily,바지정보알수있을까요
16,같은인데왜저는이런거죠,1,daily,같은인데왜저는이런거죠
17,와빨랐다,5,daily,와빨랐다
18,슈붕실망이야시언,2,daily,슈붕실망이야시언
0,분위기넘예뻐요중간중간나오는소품이랑가구들너무예뻐요앞으로감성브이로그는여기로정착해야겠어요ㅎ,36,daily,분위기넘예뻐요중간중간나오는소품이랑가구들너무예뻐요앞으로감성브이로그는여기로정착해야겠어요ㅎ
1,감성적이고너무예뻐요ㅠㅠ항상영상잘보고있어요,12,daily,감성적이고너무예뻐요ㅠㅠ항상영상잘보고있어요
2,내가이런친구랑수능을봐야하는구나,308,daily,내가이런친구랑수능을봐야하는구나
3,진짜감성이제스탈입니당,3,daily,진짜감성이제스탈입니당
4,이나이때철학과새내기같은생각하느라감성이고나발이고였는데멋있다진짜,1,daily,이나이때철학과새내기같은생각하느라감성이고나발이고였는데멋있다진짜
5,오랜만이네요데일리님역시감성공주님이시라니까,13,daily,오랜만이네요데일리님역시감성공주님이시라니까
6,우와영상너무감성적이고이쁜데요ㅠㅠㅠㅠㅠ,3,daily,우와영상너무감성적이고이쁜데요ㅠㅠㅠㅠㅠ
7,오늘도진짜감성짱이에요ㅠㅠ디저트너무맛있어보여요ㅇㅁㅇ,3,daily,오늘도진짜감성짱이에요ㅠㅠ디저트너무맛있어보여요ㅇㅁㅇ
8,약간힐링되는브이로그라서빨리흥행하시면좋겠네요,3,daily,약간힐링되는브이로그라서빨리흥행하시면좋겠네요
9,책상너무예뻐요ㅠㅠ님이랑수능같이봐야되는년생임다뜬금없지만룸투어영상찍어주세요오ㅗ방도예쁠거같아유,0,daily,책상너무예뻐요ㅠㅠ님이랑수능같이봐야되는년생임다뜬금없지만룸투어영상찍어주세요오ㅗ방도예쁠거같아유
10,영상너무예뻐요,1,daily,영상너무예뻐요
11,아분위기너무이뻐요,0,daily,아분위기너무이뻐요
12,참이쁜브이로그네요,0,daily,참이쁜브이로그네요
13,언니너무이뻐요ㅠㅠ,2,daily,언니너무이뻐요ㅠㅠ
14,와우감성미쳤어요구독하고가겠습니다,1,daily,와우감성미쳤어요구독하고가겠습니다
15,책상에있는달력정보알수있을까요영상분위기너무좋고이뻐요ㅠㅠ잘보고갑니다,0,daily,책상에있는달력정보알수있을까요영상분위기너무좋고이뻐요ㅠㅠ잘보고갑니다
16,탁상달력정보시금합니다ㅠㅜ예ㅃ버요,0,daily,탁상달력정보시금합니다ㅠㅜ예ㅃ버요
17,어떻게이렇게인스타갬성갬성하지부럽다,0,daily,어떻게이렇게인스타갬성갬성하지부럽다
18,와ㅏ오늘학교끝나자마자왔어용항상잘보고있어요ㅠㅠㅠㅠ사랑해요ㅠㅠ,3,daily,와ㅏ오늘학교끝나자마자왔어용항상잘보고있어요ㅠㅠㅠㅠ사랑해요ㅠㅠ
19,인간실격읽으시는구나어땠는지감상평들어보고싶네요,0,daily,인간실격읽으시는구나어땠는지감상평들어보고싶네요
0,데일리님영상보면서많은동기부여와위로를받고있어요지난주쯤우연히알게되어서보기시작했는데데일리님일상이너무멋져서저도따라서열심히살게되더라구요히히요즘코로나때문에너무우울하고나가지를못해서답답했는데데일리님덕분에집안에만있더라도충분히행복할수있다는걸알았어요정말감사합니당앞으로도영상자주자주올려주세요같이열심히살아가요화이팅,3,daily,데일리님영상보면서많은동기부여와위로를받고있어요지난주쯤우연히알게되어서보기시작했는데데일리님일상이너무멋져서저도따라서열심히살게되더라구요히히요즘코로나때문에너무우울하고나가지를못해서답답했는데데일리님덕분에집안에만있더라도충분히행복할수있다는걸알았어요정말감사합니당앞으로도영상자주자주올려주세요같이열심히살아가요화이팅
1,스터디윗미같이하면집중엄청잘될것같아요,2,daily,스터디윗미같이하면집중엄청잘될것같아요
2,저렇게살고싶어요ㅠㅠㅠㅠ제가꿈에그리던저런삶ㅠㅠㅠ대리만족하고갑니다요ㅠㅠ,1,daily,저렇게살고싶어요ㅠㅠㅠㅠ제가꿈에그리던저런삶ㅠㅠㅠ대리만족하고갑니다요ㅠㅠ
3,중학생치곤너무완벽한그대,13,daily,중학생치곤너무완벽한그대
4,오늘도영상너무이뻐요ㅠㅠㅠ짱,1,daily,오늘도영상너무이뻐요ㅠㅠㅠ짱
5,헐완전좋아하는감성ㅜㅠㅠ우연히들어와서구독박고가요,2,daily,헐완전좋아하는감성ㅜㅠㅠ우연히들어와서구독박고가요
6,데일리님영상올라왔네요ㅠㅠ정말감성유튜버짱이신듯선댓후감상할게요,1,daily,데일리님영상올라왔네요ㅠㅠ정말감성유튜버짱이신듯선댓후감상할게요
7,ㅋㅋㅋㅋㅋㅋㅋㅋㅋㅋㅋㅋ아걍현타온다남들만사는갓생스터디윗미나중에한번만부탁드려도될가요,1,daily,ㅋㅋㅋㅋㅋㅋㅋㅋㅋㅋㅋㅋ아걍현타온다남들만사는갓생스터디윗미나중에한번만부탁드려도될가요
8,,1,daily,
9,오늘구독했어요영퀄짱,0,daily,오늘구독했어요영퀄짱
10,아잇너무늦게와버렸군요ㅜㅜㅜ숙제안해서폰압ㅎㅎ데일리님감상진짜죽여준당께요편집무슨앱사용하시는지알수있을까여,0,daily,아잇너무늦게와버렸군요ㅜㅜㅜ숙제안해서폰압ㅎㅎ데일리님감상진짜죽여준당께요편집무슨앱사용하시는지알수있을까여
11,민초블렌디드존맛탱흐아저도저렇게집즁해서엄청여유롭고재미있고힘든데행복한공부하고싶어요근데학원숙제끝내면공부할거없어ㅛ,0,daily,민초블렌디드존맛탱흐아저도저렇게집즁해서엄청여유롭고재미있고힘든데행복한공부하고싶어요근데학원숙제끝내면공부할거없어ㅛ
12,룸투어나책상단도해주세요ㅠㅠ아이패드기종이랑독서대정보알수있을까요혹시책이나그런건어디다보관하시나요,5,daily,룸투어나책상단도해주세요ㅠㅠ아이패드기종이랑독서대정보알수있을까요혹시책이나그런건어디다보관하시나요
13,요즘너무해이해져서알면서도지키지못하는계획들이너무많았는데이영상보고마음다시잡고가요같은나이인데너무대단하다고느낄만큼열심히하는분꼭잘되실거예요,0,daily,요즘너무해이해져서알면서도지키지못하는계획들이너무많았는데이영상보고마음다시잡고가요같은나이인데너무대단하다고느낄만큼열심히하는분꼭잘되실거예요
14,혹시탁자시계정보주실수있나요,16,daily,혹시탁자시계정보주실수있나요
15,필터저거편집으로하신건가용아님월래찍을때부터이쁘게찍히신건가용ㅠㅠ,0,daily,필터저거편집으로하신건가용아님월래찍을때부터이쁘게찍히신건가용ㅠㅠ
16,혹시독서대사용안하실땐어디에두시나요,1,daily,혹시독서대사용안하실땐어디에두시나요
17,혹시영상에나온탁상시계정보알수있을까요ㅠㅠ,0,daily,혹시영상에나온탁상시계정보알수있을까요ㅠㅠ
18,영상느낌이좋네요카메라는어떤거사용하세요,2,daily,영상느낌이좋네요카메라는어떤거사용하세요
19,영퀄짱이에용그리구혹시아크릴독서대암튼그거정보좀알수있을까여,1,daily,영퀄짱이에용그리구혹시아크릴독서대암튼그거정보좀알수있을까여
20,편집무슨앱으로하시나요,0,daily,편집무슨앱으로하시나요
21,탁상시계정보궁금해요,0,daily,탁상시계정보궁금해요
22,혹시책상정보알수있을까요,0,daily,혹시책상정보알수있을까요
23,초탁상시계정보좀주세뇨,3,daily,초탁상시계정보좀주세뇨
24,나중영상에방소개좀해주세요,1,daily,나중영상에방소개좀해주세요
25,나오는팝송이름알려주실수있나요,0,daily,나오는팝송이름알려주실수있나요
26,ㅅㅂ내방은얼룩덜룩핑크파랑갈색흰색이만저만색이총합인데이분은오우노내가좋아하는딱그른갬승,7,daily,ㅅㅂ내방은얼룩덜룩핑크파랑갈색흰색이만저만색이총합인데이분은오우노내가좋아하는딱그른갬승
27,항상번째하고싶었눈뎅늦었네요ㅠㅠ잘볼게요,1,daily,항상번째하고싶었눈뎅늦었네요ㅠㅠ잘볼게요
28,전공부할때잔잔한노래보단신나는노래를틀어요하지만집중은하락하지만,0,daily,전공부할때잔잔한노래보단신나는노래를틀어요하지만집중은하락하지만
29,와주일전내모습인줄소름,9,daily,와주일전내모습인줄소름
30,같은빵칠인데저랑극과극이시네요흐그그그그극,1,daily,같은빵칠인데저랑극과극이시네요흐그그그그극
31,혹시노래제목알수있을까요,0,daily,혹시노래제목알수있을까요
32,무슨모니터인지알수있을까요,0,daily,무슨모니터인지알수있을까요
33,키보드어디껀지알수있을까요,0,daily,키보드어디껀지알수있을까요
34,폰트정보좀여,4,daily,폰트정보좀여
35,하솔직히유튜버굥나님따라하신거아닌가요옷부터연필꽂이로쓰는스타벅스컵독서대아이패드그리고특히딸기휘핑크림뿌려서먹는거왤케다따라하세효,3,daily,하솔직히유튜버굥나님따라하신거아닌가요옷부터연필꽂이로쓰는스타벅스컵독서대아이패드그리고특히딸기휘핑크림뿌려서먹는거왤케다따라하세효
0,우와같은인데진짜차분하시고영상편집엄청감성적이게하셨는데진짜뜨실것같으니발자국을남기도록하죠ㅠㅠ진짜영상마무예쁘고독서하시는거개간하신것같아요,43,daily,우와같은인데진짜차분하시고영상편집엄청감성적이게하셨는데진짜뜨실것같으니발자국을남기도록하죠ㅠㅠ진짜영상마무예쁘고독서하시는거개간하신것같아요
1,진짜감성지려요오ㅠㅠㅠ영상너무잘보고있어요항상예쁜영상올려주셔서뭔가더행복한것같네요,11,daily,진짜감성지려요오ㅠㅠㅠ영상너무잘보고있어요항상예쁜영상올려주셔서뭔가더행복한것같네요
2,같은학생으로써정말공감되는브이로그였네요ㅎㅎ편집을감성있게잘하시는거같아옇앞으로도좋은영상기대할게요ㅜㅜ,5,daily,같은학생으로써정말공감되는브이로그였네요ㅎㅎ편집을감성있게잘하시는거같아옇앞으로도좋은영상기대할게요ㅜㅜ
3,진짜ㅜㅜㅜ분위기아무도못이겨요ㅜㅜ인데되게깔끔하시고진짜차분하시고ㅜㅜ요새데일리님영상만보면서생활하고있어요,0,daily,진짜ㅜㅜㅜ분위기아무도못이겨요ㅜㅜ인데되게깔끔하시고진짜차분하시고ㅜㅜ요새데일리님영상만보면서생활하고있어요
4,영상이그냥너무감성적이라이뻐요ㅠㅠㅠ,5,daily,영상이그냥너무감성적이라이뻐요ㅠㅠㅠ
5,진짜감성분위기좋아요ㅜㅠ그와중에다이어리너무예쁘네요,3,daily,진짜감성분위기좋아요ㅜㅠ그와중에다이어리너무예쁘네요
6,편집완전잘하시구영상완전감성적이에요ㅠㅠ제가원하던삶을구독까지눌렀어요ㅎㅎ앞으로마니마니좋은영상올려주세요,3,daily,편집완전잘하시구영상완전감성적이에요ㅠㅠ제가원하던삶을구독까지눌렀어요ㅎㅎ앞으로마니마니좋은영상올려주세요
7,와이때까지본것중에감성이젤쩌는영상이에여ㅠㅠㅠㅠㅠ,8,daily,와이때까지본것중에감성이젤쩌는영상이에여ㅠㅠㅠㅠㅠ
8,썸네일감성이좋아서들어와봤는데분위기대박,5,daily,썸네일감성이좋아서들어와봤는데분위기대박
9,나이도어린데이렇게감성이세련된건재능이다,0,daily,나이도어린데이렇게감성이세련된건재능이다
10,분위기진짜좋아요ㅠㅠ,4,daily,분위기진짜좋아요ㅠㅠ
11,분위기대박적보는내내감탄하고갑니당,1,daily,분위기대박적보는내내감탄하고갑니당
12,으아집뭐죠너무분위기있고예뻐요나도저기서살고싶당구독좋아요누르고갑니덩,1,daily,으아집뭐죠너무분위기있고예뻐요나도저기서살고싶당구독좋아요누르고갑니덩
13,감성쵝오잔잔한영상넘잘보고가요옹,1,daily,감성쵝오잔잔한영상넘잘보고가요옹
14,,1,daily,
15,와영상너무이뻐요ㅠㅠㅠ,1,daily,와영상너무이뻐요ㅠㅠㅠ
16,이분이만될때쯤난구독자명대부터봣다고자랑해야징,1,daily,이분이만될때쯤난구독자명대부터봣다고자랑해야징
17,영상잘만드셧네요ㅠㅠ저두,5,daily,영상잘만드셧네요ㅠㅠ저두
18,와감성개쩔어여,1,daily,와감성개쩔어여
19,방소개해주세여책상정보도알려주세여ㅠㅠ,2,daily,방소개해주세여책상정보도알려주세여ㅠㅠ
0,와감성댑악감성스터디브이로그라고궁금해서들어와봤는데진짜저랑동갑인게믿겨지지않을정도로예쁘네요완죤갬성책상,2,daily,와감성댑악감성스터디브이로그라고궁금해서들어와봤는데진짜저랑동갑인게믿겨지지않을정도로예쁘네요완죤갬성책상
1,진짜모든게완벽한,1,daily,진짜모든게완벽한
2,와처음봤을때가구독자명이얐는데쭉쭉올라가시네요항상응원해요요ㅛ이대로만명까지가봐요요ㅛ,9,daily,와처음봤을때가구독자명이얐는데쭉쭉올라가시네요항상응원해요요ㅛ이대로만명까지가봐요요ㅛ
3,와ㅠㅠ오늘도감성대박이에요오늘도영상보고힐링할게요조금있으면새학기인데화이팅하세요,2,daily,와ㅠㅠ오늘도감성대박이에요오늘도영상보고힐링할게요조금있으면새학기인데화이팅하세요
4,책상너무깔끔하고이쁘다,12,daily,책상너무깔끔하고이쁘다
5,같은인데부끄럽네요대단하셔요진짜,2,daily,같은인데부끄럽네요대단하셔요진짜
6,감성좋네요힐링하고갑니당다음영상기대할게요,1,daily,감성좋네요힐링하고갑니당다음영상기대할게요
7,영상이항상고급진거같아용,1,daily,영상이항상고급진거같아용
8,ㅘ역시믿보데믿고보는데일리님,1,daily,ㅘ역시믿보데믿고보는데일리님
9,인스타도꾸준히하트랑댓달고있는데빨리뜨셨으면좋겠어요ㅜㅜ뜨시면뺭뺭기억해주세요,3,daily,인스타도꾸준히하트랑댓달고있는데빨리뜨셨으면좋겠어요ㅜㅜ뜨시면뺭뺭기억해주세요
10,영상도예쁘고방분위기도좋으신거같고갬성도대박이네요오제일놀랐던부분은시반기상이에요가능합니꽈저는일요일에시에일어나서친구들한테자랑합니더일찍일어났다고현타오네요+ㅇㄴ동갑이네요현타한번지대로네,1,daily,영상도예쁘고방분위기도좋으신거같고갬성도대박이네요오제일놀랐던부분은시반기상이에요가능합니꽈저는일요일에시에일어나서친구들한테자랑합니더일찍일어났다고현타오네요 ㅇㄴ동갑이네요현타한번지대로네
11,갬성이폭발혹시책상정보주실수있나요,2,daily,갬성이폭발혹시책상정보주실수있나요
12,영상너무너무예뻐요ㅠㅠ혹시책상에있는시계정보알려주실수있나요,2,daily,영상너무너무예뻐요ㅠㅠ혹시책상에있는시계정보알려주실수있나요
13,오늘영상도갬성폭발이군료,1,daily,오늘영상도갬성폭발이군료
14,안녕하세요혹시책상맨왼쪽단으로된회색받침뭔지상품정보알수있을까요,0,daily,안녕하세요혹시책상맨왼쪽단으로된회색받침뭔지상품정보알수있을까요
15,이것만보고공부해야징,1,daily,이것만보고공부해야징
16,ㅋㅋ근데자기전에책읽는게공부가재있다라곶느낄땐줄ㅋ책제목이구낰,0,daily,ㅋㅋ근데자기전에책읽는게공부가재있다라곶느낄땐줄ㅋ책제목이구낰
17,안녕하세요혹시독서대정보알수있을까요,1,daily,안녕하세요혹시독서대정보알수있을까요
18,수학문제집은뭐사용하시나요,1,daily,수학문제집은뭐사용하시나요
19,헐헐나도오랜만에공부나해야겠다,2,daily,헐헐나도오랜만에공부나해야겠다
0,무채색갬성미쳤어요진짜화이트부터감성오지고진짜이언니영상환장하겠네,330,eunseo,
1,오랜만에영상다시정주행하고있는데색감도분위기도너무이뻐요공부도엄청열심히하시는거같아요은서님영상보면저도모르게공부하고싶어져요다른것도꾸준히챙겨보고있으니이쁜영상많이올려주세요,2,eunseo,
2,진짜편집스킬계속느는모습이허우대단하십미댜은서님항상자극받게해주셔서감사합니다,20,eunseo,
3,은서님ㅜㅜ무채색감성진짜넘예쁘다구요항상잘보구있고외로울땐은서님영상보면서감동받고그러구있어요ㅜㅜ사랑해요,4,eunseo,
4,와동갑인데저렇게예쁘게해놓고사는거보면넘존경스러워요,2,eunseo,
5,무채색에까르보먹는당신대단해영상을어찌이렇게깔끔하게만드시는지대단합니다영상잘보고갑니다,1,eunseo,
6,다시정주행하고있는데무채색감성댑악분위기짱빨리됐으면좋겠다ㅠㅠ,1,eunseo,
7,언니이번영상도잘봤어요앞으로도힘내시고코로나꼭조심하시길바래요,1,eunseo,
8,은서방감성은진쨔너무너무예쁘다아자연광진쨔미쵸땨,3,eunseo,
9,아니아니나도같은중인데이렇게다를수가있을까감성도미쳤고그냥일상이그냥예쁘다니까화이트무채색감성도하너무사랑해요구독하고갈게요,7,eunseo,
10,ㅋㅋㅋㅋㅋㅋㅋ아진짜감성적이게사는거같으면서도너무귀엽게사는거같아서진짜맨날잘보고있습니당담에방소개영상찍어보는것도괜찮을거같아용,7,eunseo,
11,방감성진짜좋네요덕분에힐링하다갑니다,1,eunseo,
12,년도에중이라면진짜뭘어떻게하면그리환경이좋고넓은방을쓰셔요같은나이임에도불구하고너무부럽네요좋은부모님만나셨군요,0,eunseo,
13,으어ㅜㅜ오늘도영상보고힐링하고갑니다ㅏ항상퀄리티높은영상만들어주셔서감사합니당,0,eunseo,
14,진짜은서님사랑합니다아니어뜨캐이런갬성또르륵아그리고인스타스토리보니까어떤분이은서님한테이상한디엠보낸거스샷찍어서올리셨더라고요진짜이상한사람속상해하시지마시고힘내세요힘들때마다은서님영상매일매일보고있어요ㅎㅎ오늘도개나봤다는요즘많이바쁘신데도이렇게가끔이라도올려주셔서감사해요오늘영상은길고너무이뻐요ㅠㅠㅠ인스타피드또기다릴께용정말완벽그자체이신,14,eunseo,
15,크리스마스브이로그다시공개해주실수있나요ㅠㅠㅠㅠ그때몽글몽글한느낌꼭다시느끼고싶어여ㅠㅠㅠ,1,eunseo,
16,은서님오늘도이쁜영상올려주셔서감사합니다,1,eunseo,
17,아잇이언니보니까영상찍는갬성도미쳐꾸영상자체가미쳤네에,0,eunseo,
18,진짜무채색갬성짱조아요ㅠㅠ,0,eunseo,
19,은서님오늘도수고하십니다홧팅하세욤,0,eunseo,
0,이번영상은갠적으로맘에안드네요ㅠㅠ더열심히편집하겠습니다제팬방많이들어와주세용같이소통해요링크는스팸처리때문에브이로그은서만카카오톡옾쳇에치면나와요비번은제가태어난년도와생일,55,eunseo,
1,아니왜이렇게다들예쁘게해두고사는거야엉엉,80,eunseo,
2,진짜제가원하는완벽한삶을살고계시네요은서님의모든것이다멋지신것같아요매일매일와서챙겨보고있습니다항상화이팅하세요그리고늦었지만초등학교졸업축하드려요책상바꾸신거축하드려요나도바꾸고싶덜ㄹ,2,eunseo,
3,와책상정리엄청깔끔해요ㅜㅜ,2,eunseo,
4,은서영상분위기에반하고간다은서분위기가너무조아서매번기다리게된다ㅠㅠ,24,eunseo,
5,진짜은서님영퀄대박이에여감성감성하구아기자기한분위기너무좋아요,0,eunseo,
6,시작부터크로플나와서침꼴까마시겠땨책상감성은아무도못따라갈정도로엄청예뻐나도키가작아서빨리크고싶은뎅ㅎㅎ글구졸업축하해편집도수고했오,1,eunseo,
7,저랑동갑이신데저도키때문에신경을진짜많이쓰고있어요ㅠㅠㅠ근데정작노력은잘안하는편그래서지금키크는스트레칭하면서영상보구있어요다리찟기해서앞으로숙이기등등허벅지안쪽근육이땡기는스트레칭을하면키가큰다고하더라구요은서님도저처럼키걱정하고계시니까참고되셨으면좋겠네요공부자극잘받고갑늬당,0,eunseo,
8,영어독학같은경우는문법만잘잡아놔도그나마수월해서나왔던부분이반복되는경우도꽤있는편이라서요그리고독해같은경우는잘하고계신것같아요따라읽으면서말해도좋아요뭐든지스스로한다는게좋은거니깐요듣기같은경우는그렇게어렵지는않아서모의고사풀면도움많이될겁니다저는독학하지않지만그래도년선배로서,0,eunseo,
9,와책상진짜이쁘게꾸미셨네ㅠㅠ제책상은한쪽에몰아놓은쓰레기통인데ㅠㅠㅠ,0,eunseo,
10,기다렸어요ㅠㅜㅜㅜㅜㅜㅜ진짜ㅠㅜㅜㅜ매일은서님프필들낙들낙하고봤던거또보고또보고항상은서님영상캡짱이예요ㅠㅜㅜㅜㅜㅜㅜ항상감사해요,0,eunseo,
11,오모오모영상너무예쁘구갬섬갬성넘조아영오늘도예쁜영상잘보고갑니다아앙,0,eunseo,
12,꺄갹은서영상올라온날은행보칸날으아아ㅏㅇㅇ오늘영퀄도너무좋다고ㅜㅜ졸업너무추카하고우리학교만아직졸업안한거ㅋㅋ항상화이티이이잉,6,eunseo,
13,편집너무예뼈요항상좋은영상감사합니다,1,eunseo,
14,년생이신가요오부럽다ㅎㅎ중학교마음껏즐기길바랄게요오오오중졸한지얼마되지도않았는데벌써그리움ㅠㅠ화이팅,0,eunseo,
15,와편집실력이갈수록느셔요너무너무부럽고존경해요와플뭐에요ㅜㅜ맛있었겠어용오늘도좋은영상재밌게보고갑니다,28,eunseo,
16,혹시교과서나안이쁜책들은어케보관하시나요ㅠㅠ방이전체적으로너무심플하고이쁘셔요,2,eunseo,
17,와책상바꾸시니까영상이더이뻐졌어용대박,0,eunseo,
18,진짜너무좋습니다진짜말이필요없는영상,0,eunseo,
19,중꺼는크게어렵진않아요기초는잡아놓으시는게편해요이쁜영상잘보고갑니다,0,eunseo,
20,우와드디어책상이왔군요완전이뿌당이번영상도갬성짱이에요아글고초졸축하드립니당,0,eunseo,
21,영상너므예뻐요이라니신기하네요전인데저도혼자서밥먹고공부해야겠어요,0,eunseo,
22,왜이렇게좋은집에살아요질투나게ㅠㅠㅠㅠㅠㅠ,0,eunseo,
23,중도공부하는데고인난웃프구나ㅠㅠ영상이엄청깔끔하고이쁘네요자막도깔끔해서좋은거같아요,1,eunseo,
24,미쳤다미쳤어ㅠ언니사랑해,5,eunseo,
25,관계대명사는학년때배우고말았는데갓중딩되고서다까먹고말았습니다미리예습해봤자되는게하나도없어요ㅠㅠ그래서은서님은쉬지않고공부하시네요ㅜㅜ본받아야겠어요,0,eunseo,
26,와아ㅏ편집미쳤다ㅏ책상바꾼거부럽네요,0,eunseo,
27,책상바뀐거예뻐요,0,eunseo,
28,왕왕ㅠㅠ관계대명사가세상에서젤복잡ㅠㅠ오늘영상도잘봤어요졸업추ㄱ하해요,0,eunseo,
29,저두살이고영어독학중이에요어학원다니다가힘들어서그만두고요즘은학교내신문법위주로공부하고있어요본인만열심히한다면어려울게없을것같아요너무걱정하지마세욧,0,eunseo,
30,언니영상일주일에한번만나와ㅠㅠ어떻게기다려요ㅠㅠ정주행하면서기다려야게써,0,eunseo,
31,영어는중때부턴어려워지는데학년은괜찮은편이라학년땐독학해도다알아들을수있어요,0,eunseo,
32,오와아앙같은나이지만너무다르네요존경합니다,0,eunseo,
33,진짜영상돌려보면서기다리구있오요또영상올려주세요,0,eunseo,
34,자극씨게받고가요,0,eunseo,
35,같은나이너무나도다른일상이네요지금도제가댓글달땐누구는열심히공부하고누구는열심히놀고누구는무엇을하고있을지궁금하네용저는공부와잘맞지않는것같아사업을시도해볼려고준비중입니다모두하고싶은일이다잘되길응원합니다,0,eunseo,
36,영어독학중까진몰라도시험기간에학원이엄청도움됩니다중부턴학원추천드려용,0,eunseo,
37,끄악요즘영상자주올리셔서짱조아여ㅠㅠ,3,eunseo,
38,와플기계살까고민중이였는데은서님영상보니까사야겠네욜영상잘보구가료,0,eunseo,
39,늦게왔네요ㅠㅠ오늘도역시영퀄최고최고그리고크루와상만드는기계도똑같아요히히,5,eunseo,
40,ㅑ아아아아아앙드디어올라왔다ㅏㅏㅏ요즘영상자주올려서넘좋아아ㅏ아앙영상이뽀ㅠ다음영상은책상소개겠징책상바꾼거부럽당졸업축하해,13,eunseo,
41,꺄동갑이당은서님영퀄관대어렵죵ㅠ저도얼마전에했눈디아저도생머리분들부럽글고제가찜한필통이랑똑같은거실화,2,eunseo,
42,일찍왔다졸업축하드려요ㅠㅠ,0,eunseo,
43,요문제집무슨문제집인가요영어는갠적으로예습해도괜찮은데영어에비중을많이들여야편할거예요단어많이외우면서문법도꾸준히하면독학해도안어려우실거예요점점독해도하고듣기도하면서늘려가다보면잘하실거같아용,0,eunseo,
44,책상바꾼거너무부럽다크로플도진짜맛있겠다ㅠ와플기계는있는데생지사기귀찮아서아직안먹어본인하핫나도키너무작아서고민인데키좀커라제발키가도대체왜안크는거지암튼졸업너무너무축하해편집깔끔해서보기너무좋당요즘소통많이못한것같아서연락도자주해야징오늘도수고했엉,2,eunseo,
45,아니그러니까미친년생이라이말이죠ㅠㅠㅠ분위기무엇ㅠ개이뻐요,1,eunseo,
46,졸업축하드려요혹시방소개올려주실수있으세요ㅠㅠ,0,eunseo,
47,헚등인ㄴ가요헝와플기계진짜ㅠㅠㅠㅠ와플저도먹고싶은데주변에파는곳이없어서속상그리고책상은그팬방에서미리보여주셨던거진짜이쁘네요관계대명사아진짜너무어려워요저는문법이그냥어려워요마라탕사주는남자ㅋㅋㅋㅋㅋ아무튼오늘도잘보고갑ㅂ니당,3,eunseo,
48,영어는넷플릭스같은거볼때한국자막대신영어자막을틀거나아예자막을끄고이해하려고하면도움이되더라구욥,0,eunseo,
49,혹시공스타하시나여공부자극너무너무오네요,1,eunseo,
50,저두년생이예요같이힘내요우리,0,eunseo,
51,지금막보고있는데넘영퀄이좋네요ㅠ,0,eunseo,
52,저도책상에물닿으면안된다고해서좀조심하다가물난리를그렇게많이폈는데년동안멀정해요ㅋㅋㅋ,0,eunseo,
53,책상바꾸셔서부러워요ㅠㅠㅠ저는핳유령구독자인데이제유령구독자안할려구요진짜은서님만의감성분위기가있는데너무좋아요ㅠㅠㅠㅠㅠ저만알고싶은유튜버은서님이지만저만알기에는너무아까운오늘도잘보고갑니당,9,eunseo,
54,난이분한테열심히사는법을배우고간다,0,eunseo,
55,저렇게열심히사시는거보면저는저나이때뭐했나싶네요,0,eunseo,
56,은서님그책상두닷에어데스크같은데저도구매예정이라궁금한게있어서책상에물닿아도상관없나요상판에아이보리느낌은없나요,0,eunseo,
57,저도관계대명사하는데힘들어죽겠습니다ㅠㅠ제가갈학교학년첫시험그니까중간고사범위라서잘해놔야된다고하셔서힘들게공부중이네요ㅠㅠ,44,eunseo,
58,저거수학빨리이해하는수학이다저도풀었거든요헤헤,0,eunseo,
59,책상개부러요,0,eunseo,
60,헐머머머머야미친프사가같네요진짜할말너무많은데딱줄여서말하면영상너무이뻐요진심잘보고가요,0,eunseo,
61,은서님저의로망을다하고사시네요,1,eunseo,
62,동감인데다르게느껴지네용머쓱하네용ㅎㅎ,0,eunseo,
63,헐ㅠㅠ오늘인트로짱입버유ㅠㅠ,0,eunseo,
64,편집앱뭐쓰세용,0,eunseo,
65,영상편집미쳤다미쳐써,0,eunseo,
66,오늘영상도잘봤어나도책상한번바꿔볼까생각하면서안바꾸는데오늘나온음식들너무맛있어보인다아츄릅난와플사서먹는편인데와플기계사서만들어먹는것도맛있겠당항상빨리온다고해놓고오늘도늦게왔네ㅠ미안오늘영상도너무재밌었엉,1,eunseo,
67,책상은사이즈어떤거로구매하셨나요,0,eunseo,
68,저랑동갑이신데열심히사시네요ㅠㅅㅠ영어에올인한이라수특풀고있습니다,0,eunseo,
69,책상사이즈알려주실수있나용,0,eunseo,
70,이문제집뭔가요ㅜ은서님공부를잘하시고끈기있게하셔서본받고싶은마음도있어욭이것도요,0,eunseo,
71,독서대정보알려주실수있으세요ㅠ투명독서대사려고하는데거의다나무로된것밖에안보여서아쉬워하고있었는데마침은서님영상에투명독서대가보이네요,1,eunseo,
72,엉저도몇일전에책상바꿨는뎁,2,eunseo,
73,영퀄개조아요오오ㅠㅠㅠ뭐에여ㅠㅠ진쨔언니야멋저부러요ㅠㅠ,0,eunseo,
74,헐영상너무예쁘세요ㅠㅠ혹시독서대구매처물어볼수있을까영잘보고가요,0,eunseo,
75,혹시책상의가로길이몇센치로구매했는지알수있을까요,1,eunseo,
76,오늘영상도잘보고강나도교복맞췄는데ㅋㅋㅋ,0,eunseo,
77,영상재밌게보고가용기회되신다면제채널도놀러와주세용,0,eunseo,
78,하나도책상바꾸고싶다오래된책상쓰는데암튼졸업축하해난낼반배치고사이ㄴ데놀고있네근데키걱정난다이어트걱정키랑몸무계가똑같에서당황함,0,eunseo,
79,다음에안바쁘실때되면해주세요용,0,eunseo,
80,은서님타임랩스영상찍는카메라는어디다가둬서찍어여거치대같은게있나여저도공부할때타임랩스찍고싶은데어떤각도로찍어야할지어디에둬야할지잘모르겠어서여,1,eunseo,
81,오늘은살짝레트로감성이랄까이불개는거엄청하찮아보이면서도감성있달까,1,eunseo,
82,전반곱슬이었는데매직해서완전생머리됐어요,0,eunseo,
83,중때는교복입을생각에신났는데막상등교하면학생의절반이넘게체육복입고다녀요저도그랬어요중이니까이제교복위에입을옷들도많으니교복만입고다니려구요교복이이쁘다보니까교복의아름다움을알지못한거같은느낌ㅋㅋ,1,eunseo,
84,독서대정보궁금해요ㅠㅠ,0,eunseo,
85,혹시노트필기는무슨과목하시나요궁금해서요ㅠㅠ,0,eunseo,
86,오랜만에들어와서정주행중인데영상올라왔네요이것까지봐야지,0,eunseo,
87,헐영퀄실화인가요구독누르고갑니다,0,eunseo,
88,책상폭이혹시인가요,0,eunseo,
89,은서님혹시책상사이즈가어떤사이즈였는지알수있을까요ㅠㅠ,0,eunseo,
90,책상에물이닿지않아야한다면맨날물티슈로책상닦는전,0,eunseo,
91,엄이번에는사알짝편집이뒤죽박죽하네요ㅠㅠ,5,eunseo,
92,책상사이즈가뭔지알수있을까요,0,eunseo,
93,저랑동갑이신데선댓후감상합니다,2,eunseo,
94,영어는독학비추합니다진짜어려워요ㅠㅠ저는학원다니는데도이해안되는부분이많아요,0,eunseo,
95,어우진짜ㅠㅠㅠ관계대명사죽여버리고싶습니다ㅋㅋㅋㅋㅋ지금관계대명사풀고있는데시간동안문법만주구장창진짜너무힘들어요ㅜㅜㅜㅜ오늘도공부자극받고가요오늘은좀늦게왔네요ㅠㅠㅠㅠ,0,eunseo,
96,관계대명사표로만드시면쉬울것같아요,0,eunseo,
97,은서님투명독서대어디제품인가요,0,eunseo,
98,은서님근데다른분들보면교과서끝으머리에메모지붙일때교과서를살짝찢어서풀테이프로붙이던데왜찢는걸까염,0,eunseo,
99,생크림이랑생지완전제가산거랑똑같아요ㅋㅋㅋㅋㅋ,0,eunseo,
100,혹시투명독서대정보좀알수있을까요,0,eunseo,
101,제가궁금한게있는데책상사이즈가어떡해되요,0,eunseo,
102,책상사이즈알수있을까요,0,eunseo,
103,프사본인이신가요진짜이쁘시네요ㅠㅠ공부도잘하시고다가지셧네,1,eunseo,
104,영어독학ㅎㅎ지옥ㅎㅎ,0,eunseo,
105,혹시곰돌이잠옷어디제품인지알수있을까요,0,eunseo,
106,필통정보알수있을까요,1,eunseo,
107,살이길래동갑인줄알았네나살이구나,25,eunseo,
108,방소개올려주실수있나요ㅜㅜ,2,eunseo,
109,대학생이신줄알았네요정작곧대학생은눈물,0,eunseo,
110,혹시거치대독서대정보좀알수있을까요,0,eunseo,
111,책상정보좀요,0,eunseo,
112,전독해보다는문법이더좋아요,0,eunseo,
113,후반부부터입으신가디건정보줄수있으세요,1,eunseo,
114,책상사이즈알수있을까요가로세로,0,eunseo,
115,필통정보알수있을까요항상잘보고갑니다,0,eunseo,
116,음은서님이건제계정이아닌데오늘영상도하여튼잘봤어요오저그팬방에서은서님왕팬그계정인데제가팬방에서말씀드렸다시피제가폰을놓고왔다가했자나요ㅇㅠㅠㅠㅠㅠ그래서이계정에서라도늦게씁니당얼른다시폰찾아서제본계정으로댓쓸게요구독자천명도축하드려요오은서님꾸준한왕팬이되고말죠은서님정말곧만명후딱넘으실듯한그런편집실력이란ㅠㅠㅠ그리고이번책상이랑책장제가다맘에듭니다요ㅠㅠ글고저도와플기계사고싶지만못사요오ㅠㅠㅠ은서님이드시는거보니까저도군침이다도네여ㅠㅠ다음영상은책상소개영상아니면방소개영상이면물론이고정말조켔습니다앙ㅠㅠㅠ글고은서님옷은웰케잘골라입으시는거죠은서님은역시옷핏빨이있으시군요그니깐글케잘어울리시죠ㅠㅠㅠ공부도잘하시고잘드시고잘꾸미시고화면으로만봐도완전히존예이신거티나시구ㅠㅠㅠㅠ정말사기캐맞으시네요ㅠㅠㅠㅠㅠㅠㅠ이런사람은첨봐서놀라워요ㅠㅠㅠㅠ에어팟도넘넘부럽ㅠㅠㅠ모노샤프도부럽구요걍은서님자체가부러워요그리고그몰티져스맛없다구용그몰티져스나와보라고하세요옹제가그몰티져스를맛있게해드리겠습니다아앙야몰티져스너어떻게은서님이너를싫어할정도로맛없을수가있어제가그몰티져스맛을고쳐드릴게요옹글고다시한번더졸업넘넘넘추카포카추카포카드려요오옹은서님영상은항상믿고잼있게봅니다아오늘영상편집도수고하셨어요옹,2,eunseo,
117,아니이게초졸의실력이라니문화충격이에요제영상이너무부끄럽네용ㅎㅎㅎㅎㅎ난저나이때뭐했지ㅎㅎ,0,eunseo,
118,책상어디서구매하셨는지는안나와서어디서구매하셨나요이케아,0,eunseo,
119,뒤에배게막하얀네모저랑같아요대박,0,eunseo,
120,독서대이름알수있을까요,0,eunseo,
121,방왜이렇게이뻐요ㅠㅜ흑흑나도책상바꾸고싶ㄷ여기서책상년쓴분ㅠㅠ저초때부터중때까지똑같은책상입니다ㅠㅠ,0,eunseo,
122,책상사이즈알수있을까요가로세로,1,eunseo,
123,책상볓대볓으로사셨어요,0,eunseo,
124,편집앱뭐쓰세요저도그앱쓰고싶네요,0,eunseo,
125,책장정보뭐예요,0,eunseo,
126,나랑샤프똑같액기분쥬앙,0,eunseo,
127,방소개해쥬세여,0,eunseo,
128,저도책상바꾸려고하는데두닷콰트로에어책상추천하시나요,0,eunseo,
129,하루에보통몇시간씩공부하나욜,0,eunseo,
130,이불정보좀요,0,eunseo,
131,어떻게한가지주제로분을넘겨요저이번에일본어공부하는거찍어볼까하는데분이넘을까요,0,eunseo,
132,,0,eunseo,
133,샤프정보알려주실수있나요오,0,eunseo,
134,우와아편집실력대단하세요혹시아이패드에필름붙이시나요정말뜬금없지만너무궁금해서요,0,eunseo,
135,뭐은서님얘기는아닌데ㅎㅎ잘들어봐요ㅎㅎ제이상형에대해말해드릴게요ㅎㅎㅎ음제이상형은요ㅎㅎ아침에일어나면이불정리를잘하시고와플에달콤한것을뿌려먹으시고새로운음식도전하는것을좋아하시고유머감각도있으시고귀여운멍멍이잠옷을즐겨입으시고마라탕사주는남자가이상형이신ㅎㅎㅎ얼마전초졸을하신ㅎㅎ공부를굉장히열심히하시는어떤중의굉장히귀엽고아름다운머리칼을가지신어떤분이에요ㅎㅎㅎㅎㅎㅎㅎ네은서님아니냐고요ㅎㅎ에이아니에요ㅎㅎ은서님자랑하는건아닌데혹시저런분있으시면연락주세요ㅎㅎㅎㅎ,1,eunseo,
136,네저는다미루고휴일이끝난지금힘들어하는중입니다,0,eunseo,
137,저는저와플기계손잡이서로잡는거가첫날부터부러져서지금은집게로하고있어요ㅋㅎ,0,eunseo,
138,독해문제집책이름뭐에요,1,eunseo,
139,예비중이라고요헐고등학생ㅇ신줄,0,eunseo,
140,달무드등정보알수있을까요,2,eunseo,
141,몇시에일어나신거에요,1,eunseo,
142,마우스에붙어있는스티커정보알려주세욥,0,eunseo,
143,이거보니까몰티져스먹고싶다,1,eunseo,
144,와플기계어디껀가용,0,eunseo,
145,궁금한데혹시페이스북하세요공부하시는분들중에페이스북하시는분을못봐서거의다안하시는지궁금해요ㅠㅠ,0,eunseo,
146,나도새책상ㅠㅠ,0,eunseo,
147,영상이올라올거라고예상했죠처음에인형너무불쌍하ㅏㅋㅋㅋ,0,eunseo,
148,저도필통을새로사야되는데혹시필통정보물어봐도되나요,0,eunseo,
149,키보드랑마우스에붙이신구름스티커어디껀가요,0,eunseo,
150,혹시오프닝때입으신핑크가디건정보일수있을까요,0,eunseo,
151,필통어디서산거시지,0,eunseo,
152,은서님ㅠㅠ요즘엔블로그활동안하시나용ㅠㅠ,0,eunseo,
153,이아이패드가있을수가있구나아저는지나가는꼰대에요무시하세요,0,eunseo,
154,양파같으셔까도까도정체를몰게씀,0,eunseo,
155,책상흔들림이나깨짐은없었나요다들그렇다길래,0,eunseo,
156,키보드정보알수있을까여ㅕㅕㅕ,0,eunseo,
157,개인적으로영어독학은추천하지않아요,0,eunseo,
158,왜같은살인데달라보일까요ㅠ,0,eunseo,
159,일단동갑인데완전제워너비인생을사시네요앗그리구있습니다를있읍니다라고일부러그러시는건가용아니라면있습니다가맞구기분나쁘게듣지말아주세용,0,eunseo,
0,초에안까움아까움오타났습니다ㅠㅠ이번영상은거의언박싱만한거같네요ㅋㅋㅋ인스타편집기,41,eunseo,
1,오와영상마다언박싱인데그냥문구류이런게아니라아이패드에어팟책장이라부잔가했는데이번영상보고확신했다문구점만원어치쇼핑이라니개부럽다ㅏㅏ,31,eunseo,
2,은서님항상열심히예쁜영상올려주셔서너무감사해요,5,eunseo,
3,엄훠이런갬성갬성너무좋아저도오랜만에핫트랙스한번구경가야겠어요오,5,eunseo,
4,완전은서님처럼심플하고뽀짝하신것만사셨네요저도나중에핫트랙스꼭갈거에요그나저나이삿짐차문에머리박으셨다니ㅋㅋㅋ아프실것같지만너무귀여우신거아닌가요언박싱많은게은서님영상의포인트아닌가요크크크오늘영상도너무너무좋았고진짜매일매일사랑하고존경합니다좋은밤보내세요,6,eunseo,
5,진짜ㅠㅠㅠㅠ이은서님만의느낌너무조타죠,3,eunseo,
6,감성브이로그는역시은서님,1,eunseo,
7,은서님저어제부터은서님영상을알고리즘에서발견해서구독한구독자인데요생각보다퀄리티너무높으시고딱제스타일의영상이라너무좋았습니다진짜완전영상들하나하나가다너무좋네요ㅠㅠㅠㅠㅠ아진짜은서님같은으로서존경하고앞으로열심히댓글남기며은서님영상잘볼게요은서님을알게된날유튜브야내댓글지우지마라제발,1,eunseo,
8,완죤기다렸어요오늘영상도너무갬성갬성하네요으어머리혹난건괜찮으세요ㅜㅜㅜ은서님다치시면안되는데너무나도소듕한존재이신데아프지말아요인스타에서도은서님피드올라왔나매일확인해요부계개랑본계로팔로우하고있어요ㅎㅎ팔로우늘여드리고싶은제마음헤헤우와핫트랙스애서만원너무부럽네요ㅋㅋㅋㅋ헤븐님파우치저도사려고요은서님영상보고사야겠다는생각이들어서항상이쁜것만골라사시자나용ㅎㅎ계속따라서사고있어요ㅋㅋ학교생활잘적응하시고다음영상도기대할께요,1,eunseo,
9,ㅎㅎㅎ저도핫트랙스그저께다녀왔는데이쁜거넘많아서만원탕진했습니다또가고가고싶ㄷ브이로그감성이뿜어나네요제방은자연광이안들어와서ㅠㅠ항상열심히영상챙겨봐요구독과좋아요했고인스타도팔로우중입니다항상좋은영상감사합니다,7,eunseo,
10,처음봤는데영상퀄리티랑감성너무좋아요자극도받고구좋완하구갑니당,5,eunseo,
11,아진짜너무좋아요너무좋아요ㅠㅠㅠㅠ아니정말사진보정영상분위기다너무이쁘고아름다워요ㅠㅠㅜㅜㅜ설탕샵은처음알았는데이쁜게너무많네요ㅠㅠㅠㅠ특히노트패드랑플래너저두구경하고몇개구매해보겠슴둥,3,eunseo,
12,언니영상이점점이뻐요영상하나하나소듕해,0,eunseo,
13,오늘영상너무너무너무이쁘다당영상에나온인생네컷오늘갔다왔는데은서도갔었구낭감성있는카폐나도갈려고했지만코로롱땜에못가봣지만가봐야겟땨ㅎㅎ설탕샵완젼최고핫트랙스만원지른거진쨔미쵸땨나두저날핫트랙스갔었는데이쁜거짱많았지만난돈이없어서아무것두못사지만만원치산거완전미춋땨땨플렉스멋졍그림자감성진짜힐링되구은서영상진짜사랑함다ㅠㅠ여름이얌ㅎㅎ,2,eunseo,
14,은서님은서님영상너무예쁘세요ㅠㅠㅠ그런데언박싱하는부분이너무많아서좀아쉬운것같아요ㅠㅜ매영상언박싱하는분량이너무많아서일상적인부분이많이없어서아쉽더라구요다음영상은공부하시는부분비중도늘려주시면더예쁜영상이될것같아용,0,eunseo,
15,은서님영상퀄은언제나ㅠㅠ짱이에요ㅠㅠㅠㅠㅠㅠ흑흑,1,eunseo,
16,와우핫트랙스만원넘게산거너무나리스펙멋있으면다언니랫써언니ㅎㅎ오늘도영상잘보고가감성여러번말하지만진짜너무예쁘고그냥걍사랑해,0,eunseo,
17,진짜로감성그득하게사시네요무채색같이공부밥유튜브가일상인저와다르게말이죵,0,eunseo,
18,우아은서님영상기다렸어요중학교가셔서많이힘드실텐데올려주셔서넘감사해용암튼화이팅입니다,0,eunseo,
19,오늘영상도너무좋았어용,0,eunseo,
0,됬됐아이패드파우치는라이트피플아이패드파우치입니다어떤분께서제팬방을만들어주셨어요비번은제가태어난년도와날짜링크거니깐계속스팸처리되서오픈채팅에유튜버은서라고검색하심나와요거기선공부질문고민수다궁금하신거편하게물어보세요제영상스포와올라오는영상썸네일도고르실수있어요ㅋㅋㅋㅋ,45,eunseo,
1,저도장풍쌤과학강의듣는중입니다장풍쌤강의진짜이해잘되고암기법을재밌고쉽게해주셔서한달전에배운것도생생하게기억이나요열공대단해요,4,eunseo,
2,역시은서님영상만보면공부자극너무와요항상이쁜영상감사드려요,6,eunseo,
3,영상이뻐용은서님공부하는모습넘보기조아요좋은영상감사해요시간이나공부하시다니짱이에요,3,eunseo,
4,은서님영상잘올리시네용그냥일상브이로그공부다잘하시는것같아용저도은서님처럼일상을잘올리고싶어용은서님정말잊지않을께용정말사랑합니다,0,eunseo,
5,와시간이나하셨어요저는절대못채울공시네요오늘영상도고퀄에다가기본고딕체여서뭔가깔끔했어용은서님팬톡방에도들어갔어요영상잘보고가요,0,eunseo,
6,인강엠베스트국어유현진수학이지연사회곽주현과학장풍추천드려용,13,eunseo,
7,지나가는고입니다예비중이신데공부열심히하시는모습이너무멋집니다정말꼰대같긴하지만교과목공부도좋아요근데다양한책을많이읽으시면좋겠어요중학생때는책을읽은아이와안읽은아이의차이가뚜렷하지않습니다근데고등학생되면어릴때책많이읽었던얘들이반짝반짝빛납니다진짜예요고등학생되서후회하지마시구책많이읽어주세요교과목공부보다책에를맞춰주세요,0,eunseo,
8,은서언니파이팅함께하는그날까지응원합니다,1,eunseo,
9,진짜저랑같은나이지만너무비교되는것오늘영상도너무예뻐요은서님은항상분위기짱이세요,1,eunseo,
10,동갑이신데공부도열심히하시고영상도예쁘셔요구독하고가요,1,eunseo,
11,헉ㅠㅠ방홍보진짜감사합니다ㅜㅜ은서님역시너무고퀄리티영상아닌가요ㅠㅠ,6,eunseo,
12,다른영상이랑은비교도안될정도로예쁘다,0,eunseo,
13,와역시오늘영상도짱공부자극받고가요,0,eunseo,
14,저보다어린데도부지런하게사는영상보면서나도더열심히살아야겠다느껴요좋은영상잘보고가요,0,eunseo,
15,진짜해야할영어수학공부만딱딱맞춰서엄청잘하구있네요집에하루종일먹고노는동생한테너랑같이수능볼애라고이영상보여주고싶을지경ㅠㅠ이영상보니까내가공부다한기분이네요ㅎㅎ대리만족하고갑니다응원할게요,0,eunseo,
16,어제일찍자버린게나의실수은서님영상올라올줄알았으면보고잤을텐데따흑저도드디어곧아이패드병완치합니당저희엄마가교직원이셔서교육할인으로사면에어팟도준다네요은서님영상너무이쁘세요흥하세요,1,eunseo,
17,헐대박이다난인데언니라고할게요언니진짜로대단해요저는이영상보고공부자극받아서시간찍으러가여,0,eunseo,
18,진짜항상자극받고가요ㅠㅠ혹시공부집중잘하는법있을까요,0,eunseo,
19,믿고보는고퀄영상,42,eunseo,
0,빠,19,eunseo,
1,여러분반년만에돌아왔네요보고싶었어요반년만에업로드라그런지떨렸네요이번영상은방꾸미기영상이라그동안에근황영상들은아마다음주나다다음주에올라갈듯해요다들기다려주셔서감사합니다ㅠㅠ다음근황영상도최대한빨리들고오도록하고다시예전처럼꾸준히올려보도록할게요이번방꾸미기영상은가볍게봐주시고다음영상으로길게찾아뵙도록할게요ㅂ,57,eunseo,
2,반년만에드디어ㅠㅠㅠ존버탄보람이있군요방너무이쁘세요,6,eunseo,
3,전영상들다돌려보면서계속기다렸어요ㅠㅠ와주셔서감사합ㄴ당오늘도은서님만의감성이그득그득담겨있네요,5,eunseo,
4,아진짜진짜너무보고싶었어요ㅠㅠ역시오늘영상도감성뿜뿜은서님더더인기많아지세요진짜,1,eunseo,
5,와ㅠㅠ넘모기다렸어요ㅜㅠ은서님다시돌아오니까기쁘네용영상잘볼게요,0,eunseo,
6,평소브이로그를좋아해서자주찾아봤었는데이렇게영상이예쁘신분은처음이네요공부도열심히하시는모습이너무멋져요앞으로도예쁜영상많이올려주세요사실저은서님하고동갑이에용ㅎㅎ,0,eunseo,
7,은서님의감성이너무좋아요오늘도힐링하고갑니다,1,eunseo,
8,언제봐도너무좋은은서님일상븨로그,1,eunseo,
9,이런인간미도있으면서인트로도대박이고꾸미는것도잘하는당신최고야,1,eunseo,
10,드뎌ㅠㅠㅠㅠ미쳤다ㅠㅠㅠㅠ방분위기미쳤고크로플미쳤고ㅠㅠㅠ어니수전증ㅋㅋㅋㅋㅋㅋㅋ싱기해요,0,eunseo,
11,드디어돌아오셨네요기다리고있었어요ㅠㅠ,0,eunseo,
12,헐영상너무예쁘고반년동안기다린보람이있네요잘보고가요,0,eunseo,
13,너무기다렸어요영상너무이쁩니다ㅠㅠ자주올려주세요,1,eunseo,
14,진짜너무기다렸어요인스타근황도보면서은서님영상만기다리고있었어요막상영상뜨니까꿈만같음,0,eunseo,
15,시문학교수님ㅜㅜㅜㅜㅜ사랑해요영상존버성공,13,eunseo,
16,헐헐드디어돌아오셨구나ㅠㅠ,1,eunseo,
17,과목별문제집추천영상부탁해요,0,eunseo,
18,언니영상올리는거계속기다렸어요오늘도영상넘예쁘네요,0,eunseo,
19,헐ㅜㅜㅜㅠㅜㅜ은서님너무오랜만이에요앞으로도재밌는영상자주올려주세요,0,eunseo,
20,기다렸어용다시와주셔서감사합니다유오늘도영상잘볼게용항상응원해요,0,eunseo,
21,흐엉완전기다렸어요ㅠㅠ오랜마뉴갬성댑악오늘영상도이뻐요잘보고갈게용,4,eunseo,
22,은서님븨로그가감성철철이지,0,eunseo,
23,헐엄청기다렸어요진짜은서님못하시는게뭐에요,0,eunseo,
24,저희반담임쌤이코로나확진이여서은서님영상정주행하면서자가격리하구있어요ㅠㅠㅠㅠ은서님영상많이기다렸어요,0,eunseo,
25,은서님돌아오셨따아ㅜㅠㅠ얼마나영상기다렸다구요ㅠㅠ계속영상올라왔나하면서계속정주행했죸ㅎㅎㅋㅎㅋ,0,eunseo,
26,언니사랑해요ㅠㅠ내가얼마나기다렸는데,0,eunseo,
27,아니진짜ㅠㅠㅠㅠㅠㅠㅠ왜이제오셨어요ㅠㅠㅠㅠ역시존버단은성공하군요와아니ㅠㅠㅠㅠ진짜너무기다렸어요ㅠㅠ바쁜데영상올려주셔서너무너무감사합니당ㅠㅠㅠ,0,eunseo,
28,기다렸어요좋은영상감사합니다,1,eunseo,
29,헐대박은서님미쳤다이거얼마만이에요이감성그리웠다고요ㅠㅠ,1,eunseo,
30,헐기다렸는데ㅠㅠㅠ오늘도감성뿜뿜이에여ㅠㅠ,1,eunseo,
31,자는이날만을기달렸어요졸은양상얼려주셔서감사합니다그럼저는이영상보여수학영어학원가도록하겠습니다그나저나저선반이쁘네,0,eunseo,
32,와은서진짜오랜만이다ㅜㅠㅠ보구싶었어영퀄도완전예뻣저구마잉,0,eunseo,
33,이게얼마만의영상인가요진짜왜알람이안떠서일주일이나지났는지ㅠㅠ어쨌든즐감하고앞으로영상자주올려주세요,0,eunseo,
34,미칫나박은서ㅠㅠ존버성공이다증말초코송이가와크로플인가그거설탕너무많이부어서오우씨하는거아주인상깊엇음,14,eunseo,
35,전에데일리브이로그로처음알게되었는데벌써년존버성공이다람쥐,0,eunseo,
36,아진짜완전짱많이기다렸어여,0,eunseo,
37,한개월전에처음알아서영상계속다매일보고엄청기다렸는데드디어영상올라왔네요재밌게보고갈께요,0,eunseo,
38,진차몇개월을기다렸는지몰라요역시존버는승리한다,1,eunseo,
39,헐ㅠㅠ저도크로플에설탕무쳐서먹ㅇ어요은서님크로플완전잘만드세요,1,eunseo,
0,정말지독한블랙덕후로써몸과마음이편안해지네요감사합니다,6,feellim,
1,오ㅓ우저도나름블랙조아한다생각했는데손톱깎이랑고무장갑은상상도못했네여ㅋㅋㅋ,16,feellim,
2,블랙성애자로서너무감명깊은공간이네요,80,feellim,
3,블랙매력이너무좋아요항상응원합니다,1,feellim,
4,어으ㅡ진짜제가원하던집입니다ㅜㅜㅜㅜ대리만족감사해요ㅜㅜㅜㅜㅜㅜ,20,feellim,
5,저도블랙덕후로서보기편안하고인테리어도좋네요잘보구갑니다,1,feellim,
6,기본미적감각이있으신분이시네여ㅋㅋ지금인테리어영상들한참찾다가여기서헉하고갑니다ㅋㅋ,2,feellim,
7,적절한블랙톤의집을보고자왔다가블랙그자체를보고감탄하며나갑니다,1,feellim,
8,헉글씨체너무예쁘세요영상이너무감성감성해서느낌이좋아요ㅠ자주올께요,2,feellim,
9,집에서살림하는사람보다도구들이더완벽한듯해요블랙갬성자취생활화이팅입니다,1,feellim,
10,오진짜갬성브이로그이시다잘보고라이크누르고가여헤헤,1,feellim,
11,안녕하세요영상미무엇진짜감성자극브이로그네요영상을찍고있는저로서갠적으로진짜배울게많았던브이로그였어요색감이며구도며진짜이쁘네요영상끝까지집중해서잼게보고갑니당ㅎㅎ행복한일들만가득한월되시길진심으로응원하고갈께요,1,feellim,
12,저도나중에커서자취하면이렇게블랙으로할려고생각하는데손톱깎이랑보고너무충격적이였어요ㅋㅋㅋㅋ잘보고갑니다,0,feellim,
13,특히나생필품은블랙을찾기좀번거로웠을텐데진정블랙덕후시네요ㅋㅋㅋ블랙칼멋집니다,5,feellim,
14,역시블랙이최고지하얀빨강등등다른색과도잘어울리고요,0,feellim,
15,하아블랙부르는울림마저완벽하다마음의평화와평안을얻었다완벽해,0,feellim,
16,잔잔한영상을보고나니내소소한일상도소중히보게되네요좋은영상많이올려주세요,1,feellim,
17,너무깜찍해요역시블랙이깔끔한색상이긴하죠꿈의인테리어네요,0,feellim,
18,갬성과센스를장착한김종국,1,feellim,
19,하ㅜㅜㅜ보기만해도행복해요ㅜㅜ,1,feellim,
0,비오는갬성완전좋아요진짜대강챙겨먹지않고주부보다더제대로식사하네요만들랴찍으랴먹을때되면아사일보직전이아닐까슬쩍걱정된다능,1,feellim,
1,오늘도역시너무너무예쁜감성적인브이로그에요어쩜이렇게저펜소리너무좋아요ㅠ,0,feellim,
2,인트로빗소리부터정말취향저격이에요너무예쁜영상영상보니바로부침개먹고싶어져요ㅎㅎ다음영상도기대할게요,0,feellim,
3,우와썸네일부터맘에들어서봤는데영상완전감성터진다요구독하고갑니다,2,feellim,
4,인트로부터감성터져요김치전기름자작하게해서정말잘구우시네요마카롱밥솥민트색도있군요전민트색마니아ㅋㅋ역시엄마의정성은보통엄마가주시는것만먹기마련인데이렇게잘챙기면엄마가참뿌듯하실것같네요듣기좋은소음끝까지잘봤어요,2,feellim,
5,인트로부분글씨쓰시는거넘나좋아요감성터지는브이로그,1,feellim,
6,썸네일이다감각적이네요제가좋아하는감성이에요구독하고가요소통하고지내면좋겠어요,0,feellim,
7,김치전에막걸리가빠졋네요ㅋㅋ비오는날에카메라들어본적이없는데이번장마때한번찍어봐야겟어요,6,feellim,
8,저비오는브이로그보는거좋아하는데ㅠㅠ앞에인트로감성은또모죠ㅠㅠ,1,feellim,
9,ㅎㅎㅎㅎ힐링이에요구독하고갑니다,0,feellim,
10,이제본격적으로장마철이네요더위조심하세요형님ㅋㅋ,0,feellim,
11,댓글보다가이웃하고자놀러왔습니다제가먼저종선물놓고갑니다제채널에도놀러오세요잘되기를응원합니다오늘도좋은하루되세요,0,feellim,
12,왕밥통정보가궁금해요,0,feellim,
13,안녕하세요채널처음들어왔어요수신함에하트하고답글보내주세요필림님,0,feellim,
0,동네가까운곳다니고집에서쉬고이게천국입니당ㅋㅋㅋㅋㅋ저도취미로캘리하는데반가워요펜촉느낌진짜좋져사각사각,4,feellim,
1,,0,feellim,
2,포근하고따뜻한영상같아요즐거운주말되셔요,0,feellim,
3,크으완전분위기있는브이로그네요ㅎㅎ,1,feellim,
4,편집이되게예뻐여,0,feellim,
5,보고있으니마음이차분해지네요++오아,0,feellim,
6,소품이나가전이다블랙이라도시남성의느낌이느껴져요채도낮은색감도좋구요,0,feellim,
7,영상이왤케이뻐욤혼자조조ㅎㅎ혼영좋죵ㅎㅎ구독하구가욤,0,feellim,
8,플레이팅감각있으셔요프렌치토스트해먹어야겠어요저두필름붙이는거신기하네요가운데만누르면쓱붙여지고요,2,feellim,
9,,1,feellim,
10,시리야갤럭시노트새로나온데이런귀여운마무리,0,feellim,
11,궁금한게있는데필림님도캘리그라피따로배우셨나요,1,feellim,
12,그갤노트오늘사전예약했어요ㅋ햇반먹지말고밥해드세요,0,feellim,
13,집에서는거의블랙스트라이프티셔츠를입으시네요,0,feellim,
14,인스타주소뭐에요,0,feellim,
15,왜차는화이트인거죠,0,feellim,
0,,0,feellim,
1,펜글씨두잘하시구영상도너무잘만드시네요이영상을보니야구도너무보러가고싶네요,0,feellim,
2,팔도라볶이는처음봐요궁금해지는데요저도담에사먹어봐야겠어요ㅎ장미단무지너무로맨틱한데요사회보실때목소리가완전아나운서같아요굿저도이번달까지만하면드디어조금휴식할수있는데고생후의휴식이라더달콤하겠죵화이팅하세요,0,feellim,
3,우와펜글씨너무잘쓰셔서놀랬어용ㅋㅋㅋ영상에분위기를넣으셔서더욱더보기좋았어용,1,feellim,
4,영상잘보고갑니다영상의장면과음악이잘어우러져요모든행동하나하나에감성이묻어있는거같아요저도브이로거초보인데많은거배워갑니다종종시청할게요화이팅입니다,0,feellim,
5,키야영상도너무이쁘고글씨도너무잘쓰시고,0,feellim,
6,펜글씨가너무예쁘네요아기자기하게재밌게사시는삶을응원합니다,0,feellim,
7,특유의감성이참좋았는데새영상이올라오길조심스럽게기다려봅니다,2,feellim,
8,떡국떡넣은떡볶이저도넘좋아해요헤헤단무지꽃너무에쁜거아닌가요다음영상도기대할게요,2,feellim,
9,다른채널에비해영상이고급져보이는거는저만의느낌인가여참좋으네요저두한수배우고싶네요즐거운일요일오후되시구요,0,feellim,
10,부산을가셨군요제고향을이리보니좋네요고생후휴식은달지요하지만요즘그단맛을느껴보기도전에시간이금방가는거같아요전조금천천히단맛을즐기고싶은데,5,feellim,
11,헐인스타팔로우한지년도더됐는데이렇게유튜브에서도볼줄이야손글씨보고깜짝놀라서채널이름보니까역시나팬입니단,0,feellim,
12,잘보고있습니다영상미가너무좋아요자주좀올려주세요,0,feellim,
13,룸투어동영상보고싶어여어떻게꾸미셨는지궁금해용,0,feellim,
14,라볶이ㅋㅋㅋ진자근레에못본것같아요치즈올리는데서놀라고냄비받침에한번ㅋㅋ마지막으로쌈무ㅋㅋㅋ저꽃모양어케한거죠ㅎㅎㅎ대단해요엄지척ㅎㅎ잘보고가요,0,feellim,
15,이제더이상영상안올라오나요영상분위기가너무취향이라더보고싶어요집에서달고나커피만들어조요,0,feellim,
16,언제쯤돌아오실까여보고싶어요,1,feellim,
17,크토스트기,0,feellim,
18,떡이같이들어있는라면인가요,0,feellim,
0,인스타에서좋은글잘보고있어요유투브동영상업로드하셨다길래구경왔는데예상치못하게빵터져버렸어요ㅋㅋㅋㅋㅋ대충살지않는자취생활응원합니다나도대충살기는이제그만해야지ㅠ,0,feellim,
1,편집하는게너무좋아요평온해지고구독좋아요항상하고잇습니다처음글씨쓰는소리도너무좋은거같아요,0,feellim,
2,아너무웃겨요드릴케이스큰웃음주시네요ㅎㅎ도대체왜이리많이사는거에요,2,feellim,
3,ㅎㅎㅎㅎㅎㅎㅎㅎ코빅팬이시구나글씨처럼정갈한살림자주올려주세요,0,feellim,
4,대충살지않기라고하고왜흔들리는의자는나중에고민하는거죠ㅋㅋㅋㅋㅋㅋㅋㅋㅋ영상재밌게봤습니다,1,feellim,
5,평온한영상인데분노가전해집니다,0,feellim,
